Model,R2,RMSE
Linear Regression,0.5675674428954387,6.430450926893219
Decision Tree,0.6367490908684379,5.893666964474811
Random Forest,0.7677450334289395,4.7126451670401766
KNN,0.7247543898219238,5.130296164777156
SVR,0.7136105801805335,5.233120333042836
